id,source,question,freeze_datetime,resolution_date,outcome,p_h,p_he,n_evidence,brier_h,brier_he,brier_delta,z,abs_z,reasoning_h,reasoning_he
0x2a34915c245f4b94976dda8afddb56452caf0ba2307500f78d7f08813d467917,polymarket,Will Billie Eilish be the top Spotify artist for 2025?,2025-10-16T00:00:00+00:00,2025-12-03,0.0,0.15,0.25,9,0.0225,0.0625,-0.04,0.11764705882352942,0.11764705882352942,"Billie Eilish is a major artist with significant streaming numbers, but predicting the top Spotify artist for 2025 requires considering competition from other major artists like Taylor Swift, The Weeknd, Drake, and others. While Eilish has had strong performance historically, she hasn't consistently been #1 globally. The top spot typically goes to artists with massive, sustained streaming across diverse demographics. Without knowing 2025's release schedule and streaming trends, this is highly uncertain but Eilish's probability should be modest given the competitive landscape.","Evidence shows Taylor Swift was the top Spotify artist for 2024 (second consecutive year with 26.6B streams). For 2025, evidence indicates Billie Eilish has strong streaming performance: 'Birds of a Feather' reached 3B streams in 481 days, she has 87M monthly listeners, and her album 'Hit Me Hard and Soft' was among 2024's top 5 albums. However, snippet 5 reveals Taylor Swift released 'The Life of a Showgirl' in 2025, which became the most-streamed album in a single day on Spotify in 2025, suggesting continued dominance. Spotify Wrapped 2025 will be released in early December 2025. While Eilish maintains strong momentum, Taylor Swift's demonstrated 2024 dominance and 2025 album success suggest she remains the likely top artist for 2025."
0x73f71c364e6085e956abcd950f2176abcf3a6959022b5cc008fd505f296e335a,polymarket,Will the U.S. invade Iran in 2025?,2025-10-16T00:00:00+00:00,2026-01-01,0.0,0.08,0.25,8,0.0064,0.0625,-0.0561,0.18478260869565216,0.18478260869565216,"A full U.S. invasion of Iran in 2025 is unlikely but not impossible. Key factors: (1) Iran has significant military capabilities and geographic challenges make invasion costly; (2) No current major military buildup suggests imminent invasion; (3) Historical precedent shows U.S. prefers sanctions/strikes to full invasion; (4) However, escalating regional tensions, potential Iranian nuclear developments, or major provocations could shift calculus; (5) The timeframe is only ~7 months from mid-2025. While military strikes are more plausible than full invasion, the resolution criteria specifically require establishing control over Iranian territory, which is a high bar.","The evidence indicates that a U.S.-Iran military conflict already occurred in June 2025, with the U.S. intervening on June 22, 2025, attacking Iranian nuclear facilities. However, the question asks about a U.S. invasion of Iran specifically between June 18 and December 31, 2025. The evidence describes U.S. airstrikes on Iranian nuclear sites (Natanz, etc.) rather than a ground invasion to establish control over Iranian territory. By October 2025, diplomatic talks had collapsed, sanctions were reimposed, and tensions remained high, but no full-scale U.S. ground invasion establishing territorial control had occurred. The evidence suggests military posturing and potential for renewed conflict, but distinguishes between airstrikes and an actual invasion. As of the evidence dates (through October 2025), no U.S. invasion meeting the resolution criteria appears to have materialized, though the situation remained volatile with continued risk of escalation."
342a14e2377140e8a95d331b6c112002f902a6bacd1017b3ead112d3438b6bb1,acled,"Will there be more than ten times as many 'Strategic developments' in Hungary for the 30 days before 2025-11-02 compared to one plus the 30-day average of 'Strategic developments' over the 360 days preceding 2025-10-26?

e.g. If the forecast due date is 2024-01-01 and we have the following data:
Date,'Strategic developments'
2023-11-11,1
2023-10-10,2
to calculate one plus the 30-day average of 'Strategic developments' over the preceding 360 days, we’d have: 1+(1+2)/12=1.25.

In this example, for the question to resolve positively, 13 (10 x 1.25) or more 'Strategic developments' would need to occur in the 30 days leading up to the resolution.",2025-10-16T00:00:00+00:00,2025-11-02,0.0,0.08,0.15,7,0.0064,0.0225,-0.0161,0.07608695652173912,0.07608695652173912,"This question asks whether 'Strategic developments' in Hungary will exceed 10 times a baseline calculated from historical ACLED data. The baseline is: 1 + (average daily Strategic developments over 360 days before 2025-10-26). The threshold is this baseline × 10, applied to the 30 days before 2025-11-02.

Without access to real-time ACLED data, I must estimate based on typical patterns. Hungary is a stable EU/NATO member with low political violence. Strategic developments are contextual events not fitting other categories—relatively rare in peaceful countries. Historical 360-day averages likely show 0.1-0.3 events per day, suggesting a baseline of 1.04-1.09 and threshold of 10.4-10.9 events in 30 days.

For this to resolve YES requires a dramatic spike in strategic developments—roughly 10+ events in one month versus historical ~3-9 per year. This would require major political upheaval, unlikely in stable Hungary.","The question asks whether 'Strategic developments' in Hungary during Oct 3-Nov 2, 2025 will exceed 10 times (1 + 30-day average of preceding 360 days). The evidence provided contains economic data (industrial contraction, retail sales, GDP growth, budget deficit) and survey information about EU priorities—none of which directly reference ACLED 'Strategic developments' events. ACLED's 'Strategic developments' category specifically covers contextually important information about incidents and activities of armed groups that may trigger future events or affect political dynamics. The evidence shows economic challenges and policy discussions but no armed group activities, security incidents, or political crises that would typically constitute strategic developments. Without access to actual ACLED data for Hungary, and given the evidence suggests stable political conditions despite economic headwinds, the probability of a 10x surge in strategic developments appears low."
